[
    {
        "name": "Nayudhe Sania Anako",
        "phone": "085854879026",
        "email": "snanayudhe@gmail.com",
        "image": "https://cdn-icons-png.flaticon.com/512/8567/8567464.png"
    },
    {
        "name": "Fleya Silveria Luben",
        "phone": "085635808281",
        "email": "Fleya@gmail.com",
        "image": "https://cdn-icons-png.flaticon.com/512/4403/4403026.png"
    },
    {
        "name": "Reneshin Dwi Raharto Putri",
        "phone": "0816782320091",
        "email": "Reneshin@gmail.com",
        "image": "https://cdn-icons-png.flaticon.com/512/9155/9155646.png"
    },
    {
        "name": "Charissa Firda Bela",
        "phone": "087645090876",
        "email": "Bela@gmail.com",
        "image": "https://cdn-icons-png.flaticon.com/512/6438/6438473.png"
    }
]